input_id,qkey,question_raw,logit_A,logit_B,logit_C,logit_D,pred_A,pred_B,pred_C,pred_D,logit_E,pred_E,logit_F,logit_G,logit_H,logit_I,logit_J,logit_K,pred_F,pred_G,pred_H,pred_I,pred_J,pred_K
id0,SAFECRIME_W26,"How safe, if at all, would you say your local community is from crime? Would you say it is",2.1,1.5,-0.2,-1.8,0.5990490487185685,0.32876508852780767,0.06005996495776918,0.012125897795854617,,,,,,,,,,,,,,
id1,WORLDDANGER_W26,"Compared to 50 years ago, do you think",-1.2,2.8,0.5,,0.016374089677043787,0.893995004843395,0.08963090547956112,,,,,,,,,,,,,,,
id2,WORRYA_W26,"How much, if at all, do you worry about the following happening to you? Having your home broken into",1.8,2.1,1.5,,0.32355370388335947,0.4367518169107908,0.23969447920584977,,,,,,,,,,,,,,,
id3,WORRYB_W26,"How much, if at all, do you worry about the following happening to you? Being the victim of a terrorist attack",1.2,2.8,3.5,,0.0627856161660331,0.310979192655988,0.6262351911779789,,,,,,,,,,,,,,,
id4,WORRYC_W26,"How much, if at all, do you worry about the following happening to you? Losing your job",1.8,2.5,1.2,,0.28069668462449604,0.5652537086405655,0.15404960673493862,,,,,,,,,,,,,,,
id5,WORRYD_W26,"How much, if at all, do you worry about the following happening to you? Not being able to pay your bills",1.8,2.1,0.5,,0.3813314461115678,0.5147436111393937,0.1039249427490385,,,,,,,,,,,,,,,
id6,WORRYE_W26,"How much, if at all, do you worry about the following happening to you? Being the victim of a violent crime",1.2,2.1,0.8,,0.2421352557755029,0.5955566284262107,0.1623081157982864,,,,,,,,,,,,,,,
id7,WORRYF_W26,"How much, if at all, do you worry about the following happening to you? Being the victim of a mass shooting",1.8,2.1,1.5,,0.32355370388335947,0.4367518169107908,0.23969447920584977,,,,,,,,,,,,,,,
id8,WORRYG_W26,"How much, if at all, do you worry about the following happening to you? Having a personal health crisis",1.8,2.1,0.5,,0.3813314461115678,0.5147436111393937,0.1039249427490385,,,,,,,,,,,,,,,
id9,GUN_W26,"Do you personally own any guns (not including air guns, such as paintball, BB or pellet guns)?",1.2,2.1,,,0.289050497374996,0.710949502625004,,,,,,,,,,,,,,,,
id10,GUN1_W26,"Does anyone else in your household own any guns (not including air guns, such as paintball, BB or pellet guns)?",1.2,2.5,,,0.2141650169574414,0.7858349830425586,,,,,,,,,,,,,,,,
id11,EVEROWN_W26,"Have you ever owned a gun at any point in your life, or have you never owned a gun?",1.2,1.8,,,0.3543436937742045,0.6456563062257954,,,,,,,,,,,,,,,,
id12,NEVEROWN_W26,Which best describes you?,1.8,2.1,,,0.425557483188341,0.574442516811659,,,,,,,,,,,,,,,,
id13,GUNTYPEOWNC_W26,Do you currently or have you ever owned a shotgun?,1.8,1.2,0.5,,0.5490452728504618,0.3013224344827531,0.14963229266678504,,,,,,,,,,,,,,,
id14,EVERSHOT_W26,"Regardless of whether or not you own a gun, have you ever fired a gun?",1.8,0.9,,,0.7109495026250039,0.289050497374996,,,,,,,,,,,,,,,,
id15,REASONGUNA_W26,"Please indicate whether the following is a major reason, a minor reason, or not a reason why you own a gun. For protection",3.2,1.5,-1.8,,0.8407448699540354,0.15359023567246127,0.0056648943735032944,,,,,,,,,,,,,,,
id16,REASONGUNB_W26,"Please indicate whether the following is a major reason, a minor reason, or not a reason why you own a gun. For hunting",1.8,1.2,0.5,,0.5490452728504618,0.3013224344827531,0.14963229266678504,,,,,,,,,,,,,,,
id17,REASONGUNC_W26,"Please indicate whether the following is a major reason, a minor reason, or not a reason why you own a gun. For sport shooting, including target shooting and trap and skeet",2.1,1.5,0.8,,0.5490452728504618,0.3013224344827531,0.14963229266678504,,,,,,,,,,,,,,,
id18,REASONGUND_W26,"Please indicate whether the following is a major reason, a minor reason, or not a reason why you own a gun. As part of a gun collection",1.2,0.8,-0.5,,0.5396643677013033,0.3617478438013318,0.09858778849736488,,,,,,,,,,,,,,,
id19,REASONGUNE_W26,"Please indicate whether the following is a major reason, a minor reason, or not a reason why you own a gun. For my job",-1.2,0.3,2.1,,0.03068018460991882,0.13749904804222726,0.831820767347854,,,,,,,,,,,,,,,
id20,IMPREASONGUN_W26,Which of the following is the most important reason why you own a gun?,3.2,1.5,0.8,-0.5,0.7631243982398332,0.1394102543610752,0.06922908351353219,0.018867126260044335,-1.2,0.009369137625514992,,,,,,,,,,,,
id21,GUNIDENTITY_W26,"How important, if at all, is being a gun owner to your overall identity?",1.2,2.5,1.8,0.5,0.14310244555715027,0.5250853266110158,0.2607496564315428,0.07106257140029112,,,,,,,,,,,,,,
id22,GUNFRIEND_W26,"As far as you know, how many of your friends, if any, own guns?",-1.2,0.8,1.5,0.3,0.036035416753904925,0.26626771594294896,0.5361973338920932,0.16149953341105291,,,,,,,,,,,,,,
id23,GUNSOCIETY_W26,Do you feel that society in general tends to look at most gun owners in a positive way or a negative way?,-0.8,1.2,,,0.11920292202211755,0.8807970779778823,,,,,,,,,,,,,,,,
id24,GUNCOMMUNITY_W26,Do you feel that people in your local community tend to look at most gun owners in a positive way or a negative way?,1.8,0.5,,,0.7858349830425586,0.2141650169574414,,,,,,,,,,,,,,,,
id25,SHOOTFREQ_W26,"How often, if ever, do you go shooting or to a gun range?",1.2,0.8,0.3,-0.5,0.4425614477985695,0.2966578100619363,0.17993205724577133,0.08084868489372304,,,,,,,,,,,,,,
id26,GUNSAFE_W26,Does having a gun in your household make you feel,2.1,1.5,1.8,,0.4367518169107908,0.23969447920584977,0.32355370388335947,,,,,,,,,,,,,,,
id27,GUNSAFE2_W26,Would having a gun in your household make you feel,1.8,0.9,2.1,,0.3627883008237487,0.1474987160237816,0.4897129831524697,,,,,,,,,,,,,,,
id28,GUNCOURSES_W26,"Have you ever taken any gun safety courses such as weapons training, hunter safety or firearm safety?",1.2,2.5,,,0.2141650169574414,0.7858349830425586,,,,,,,,,,,,,,,,
id29,GUNACCESS_W26,"Thinking about when you're at home, would you say there is a gun that is both loaded and easily accessible to you",1.2,0.8,0.3,2.5,0.1740284660152938,0.11665476935088342,0.0707546942130164,0.6385620704208064,,,,,,,,,,,,,,
id30,GUNLOCKED1_W26,"In general, as far as you know, how many of the guns in your home would you say are kept in a locked place?",1.8,2.2,0.5,,0.3617478438013318,0.5396643677013033,0.09858778849736487,,,,,,,,,,,,,,,
id31,GUNLOADED1_W26,"In general, as far as you know, how many of the guns in your home would you say are kept loaded?",0.8,2.1,1.5,,0.14963229266678504,0.5490452728504618,0.3013224344827531,,,,,,,,,,,,,,,
id32,GUNLOCKED2_W26,"In general, is the gun in your home kept in a locked place, or not?",1.8,1.2,,,0.6456563062257954,0.3543436937742045,,,,,,,,,,,,,,,,
id33,GUNLOADED2_W26,"In general, is the gun in your home kept loaded, or not?",1.2,2.8,,,0.16798161486607555,0.8320183851339245,,,,,,,,,,,,,,,,
id34,GUNCONTRIBA_W26,"How much, if at all, do you think the ease with which people can legally obtain guns contributes to gun violence in the country today?",2.1,1.5,0.3,-1.8,0.5765840779420239,0.3164360511611278,0.09530870705008514,0.011671163846763219,,,,,,,,,,,,,,
id35,GUNCONTRIBB_W26,"How much, if at all, do you think the ease with which people can illegally obtain guns contributes to gun violence in the country today?",2.1,1.5,0.3,-1.2,0.571104284801562,0.31342867692225407,0.09440290333628251,0.02106413493990146,,,,,,,,,,,,,,
id36,GUNCONTRIBC_W26,"How much, if at all, do you think the amount of gun violence in movies and television contributes to gun violence in the country today?",1.2,2.1,1.8,0.5,0.17306106489897924,0.4256615336456642,0.3153378199680321,0.08593958148732445,,,,,,,,,,,,,,
id37,GUNCONTRIBD_W26,"How much, if at all, do you think lack of economic opportunities contributes to gun violence in the country today?",2.1,1.9,0.3,-1.5,0.49717768047338257,0.40705465674753666,0.08218291783083734,0.01358474494824341,,,,,,,,,,,,,,
id38,GUNCONTRIBE_W26,"How much, if at all, do you think the amount of gun violence in video games contributes to gun violence in the country today?",1.2,2.1,2.8,2.5,0.08276821812801734,0.2035769668125885,0.40995366809747735,0.30370114696191675,,,,,,,,,,,,,,
id39,GUNCONTRIBF_W26,"How much, if at all, do you think family instability contributes to gun violence in the country today?",2.1,1.9,0.8,-1.5,0.472012877096591,0.38645145832779676,0.12863851573027696,0.012897148845335268,,,,,,,,,,,,,,
id40,GROWUPVIOL_W26,How much of a problem was gun violence in the community where you spent the majority of time when you were growing up?,1.8,2.1,1.5,0.9,0.28593922282684575,0.38597757836425506,0.2118289862776971,0.11625421253120201,,,,,,,,,,,,,,
id41,GROWUPGUN1_W26,"Thinking about when you were growing up, as far as you know, were there ever any guns in your household or not?",1.8,1.2,,,0.6456563062257954,0.3543436937742045,,,,,,,,,,,,,,,,
id42,GROWUPGUN2A_W26,Would you say the following was a reason or was not a reason why there were guns in your household when you were growing up? For protection,2.1,1.5,,,0.6456563062257954,0.3543436937742045,,,,,,,,,,,,,,,,
id43,GROWUPGUN2B_W26,Would you say the following was a reason or was not a reason why there were guns in your household when you were growing up? For hunting,1.8,0.9,,,0.7109495026250039,0.289050497374996,,,,,,,,,,,,,,,,
id44,GROWUPGUN2C_W26,"Would you say the following was a reason or was not a reason why there were guns in your household when you were growing up? For sport shooting, including target shooting and trap and skeet",1.8,2.1,,,0.425557483188341,0.574442516811659,,,,,,,,,,,,,,,,
id45,GROWUPGUN4_W26,"Thinking about the people in the community where you spent the majority of time when you were growing up, as far as you know, how many people owned guns?",0.8,2.1,1.5,0.2,0.13827699377152644,0.507379312454269,0.27845567058828957,0.07588802318591492,,,,,,,,,,,,,,
id46,GROWUPGUN6_W26,"How often, if ever, did you go shooting or to a gun range when you were growing up?",1.2,2.1,1.8,0.5,0.17306106489897924,0.4256615336456642,0.3153378199680321,0.08593958148732445,,,,,,,,,,,,,,
id47,GROWUPGUN7_W26,"How often, if ever, did you use air guns, such as paintball, BB or pellet guns when you were growing up?",1.8,2.1,1.5,0.2,0.3037137928591466,0.4099707382732329,0.2249967116224088,0.061318757245211734,,,,,,,,,,,,,,
id48,GUNRESPNOKIDSA_W26,Thinking about gun owners who do not have children in their home how important do you think it is for them to: Keep all of their guns in a locked place,1.8,2.1,0.5,-1.5,0.37604251658070253,0.5076043030295065,0.10248354130076127,0.013869639089029622,,,,,,,,,,,,,,
id49,GUNRESPNOKIDSB_W26,Thinking about gun owners who do not have children in their home how important do you think it is for them to: Keep all of their guns unloaded,1.2,2.8,0.5,-1.5,0.15344899854271085,0.7600378652730054,0.07620051755781962,0.010312618626463996,,,,,,,,,,,,,,
id50,GUNRESPNOKIDSC_W26,Thinking about gun owners who do not have children in their home how important do you think it is for them to: Take gun safety courses,2.1,1.9,-0.5,-1.8,0.5226718744623597,0.4279275373912481,0.038820710348312575,0.01057987779807967,,,,,,,,,,,,,,
id51,GUNRESPNOKIDSD_W26,Thinking about gun owners who do not have children in their home how important do you think it is for them to: Advise visitors that there are guns in the house,2.1,1.5,-0.8,-1.9,0.6164656134299391,0.33832350190219246,0.0339199231049636,0.011290961562904763,,,,,,,,,,,,,,
id52,GUNRESPNOKIDSE_W26,Thinking about gun owners who do not have children in their home how important do you think it is for them to: Advise visitors with children that there are guns in the house,2.1,1.5,-0.8,-1.9,0.6164656134299391,0.33832350190219246,0.0339199231049636,0.011290961562904763,,,,,,,,,,,,,,
id53,GUNRESPNOKIDSF_W26,Thinking about gun owners who do not have children in their home how important do you think it is for them to: Store guns and ammunition separately,2.1,1.5,-0.8,-1.9,0.6164656134299391,0.33832350190219246,0.0339199231049636,0.011290961562904763,,,,,,,,,,,,,,
id54,GUNRESPNOKIDSG_W26,Thinking about gun owners who do not have children in their home how important do you think it is for them to: Keep their shooting skills up-to-date,1.8,2.5,0.7,-1.5,0.2955513354175866,0.59516730189368,0.09838049330886665,0.01090086937986688,,,,,,,,,,,,,,
id55,GUNRESPKIDSA_W26,"Thinking about gun owners who have children in their home, how important do you think it is for them to: Keep all of their guns in a locked place",2.1,1.5,-0.8,-1.9,0.6164656134299391,0.33832350190219246,0.0339199231049636,0.011290961562904763,,,,,,,,,,,,,,
id56,GUNRESPKIDSB_W26,"Thinking about gun owners who have children in their home, how important do you think it is for them to: Keep all of their guns unloaded",1.8,2.5,0.2,-1.5,0.30745274119121874,0.6191337899930364,0.06207363789441903,0.011339830921325837,,,,,,,,,,,,,,
id57,GUNRESPKIDSC_W26,"Thinking about gun owners who have children in their home, how important do you think it is for them to: Take gun safety courses",2.1,1.5,-0.8,-2.3,0.6187689211441942,0.33958758397728084,0.03404665851218268,0.007596836366342222,,,,,,,,,,,,,,
id58,GUNRESPKIDSD_W26,"Thinking about gun owners who have children in their home, how important do you think it is for them to: Advise visitors that there are guns in the house",2.1,1.5,-0.8,-1.9,0.6164656134299391,0.33832350190219246,0.0339199231049636,0.011290961562904763,,,,,,,,,,,,,,
id59,GUNRESPKIDSE_W26,"Thinking about gun owners who have children in their home, how important do you think it is for them to: Advise visitors with children that there are guns in the house",2.1,1.5,-0.8,-2.3,0.6187689211441942,0.33958758397728084,0.03404665851218268,0.007596836366342222,,,,,,,,,,,,,,
id60,GUNRESPKIDSF_W26,"Thinking about gun owners who have children in their home, how important do you think it is for them to: Store guns and ammunition separately",2.1,1.5,-0.8,-1.9,0.6164656134299391,0.33832350190219246,0.0339199231049636,0.011290961562904763,,,,,,,,,,,,,,
id61,GUNRESPKIDSG_W26,"Thinking about gun owners who have children in their home, how important do you think it is for them to: Keep their shooting skills up-to-date",1.2,2.5,0.8,-1.5,0.18495152200830137,0.6786420033761675,0.12397671274696613,0.012429761868565006,,,,,,,,,,,,,,
id62,GUNRESPKIDSH_W26,"Thinking about gun owners who have children in their home, how important do you think it is for them to: Talk to their children about gun safety",3.2,1.5,-1.8,-3.5,0.8398756969843647,0.15343145209135045,0.005659037932100616,0.0010338129921842404,,,,,,,,,,,,,,
id63,GUNSAFETYKIDS_W26,"For this question, please think about your child or children who are under 18. Have you ever talked with your child or children about gun safety?",1.8,0.5,2.2,,0.3617478438013318,0.09858778849736487,0.5396643677013033,,,,,,,,,,,,,,,
id64,CARRYGUN_W26,"How often, if ever, do you carry a handgun or pistol outside your home, not including times when you are transporting it?",-1.2,-0.8,0.3,2.5,0.02108778463711398,0.0314592779401868,0.09450889392579669,0.8529440434969026,,,,,,,,,,,,,,
id65,NOCARRYGUN_W26,And would you say you never carry a handgun or pistol because you don't want to or for some other reason?,3.2,1.5,,,0.8455347349164652,0.15446526508353467,,,,,,,,,,,,,,,,
id66,GUNKILLF1_W26,"Which comes closer to your view, even if neither is exactly right?",2.1,1.5,,,0.6456563062257954,0.3543436937742045,,,,,,,,,,,,,,,,
id67,GUNKILLF2_W26,"Thinking about people who commit suicide using a gun, which comes closer to your view, even if neither is exactly right?",1.2,2.5,,,0.2141650169574414,0.7858349830425586,,,,,,,,,,,,,,,,
id68,DEFENDGUN_W26,"Not including in military combat or as part of your job, have you ever used a gun to defend yourself, your family or possessions, either by firing it or threatening to fire it?",1.2,2.8,,,0.16798161486607555,0.8320183851339245,,,,,,,,,,,,,,,,
id69,GUNTHREAT_W26,Has anyone ever used a gun to threaten or intimidate you or someone in your family?,0.8,2.5,,,0.1544652650835347,0.8455347349164652,,,,,,,,,,,,,,,,
id70,CRIMEVICTIM_W26,"Have you ever been a victim of a violent crime, whether a gun was used or not?",-0.8,2.1,,,0.052153563078417724,0.9478464369215823,,,,,,,,,,,,,,,,
id71,MARGUN_W26,Now thinking about your spouse or partner. Does your spouse or partner own any guns?,1.2,2.5,,,0.2141650169574414,0.7858349830425586,,,,,,,,,,,,,,,,
id72,GUNASSOCIATIONA_W26,Are you currently a member of a gun or shooting club or gun range,-1.2,2.5,,,0.0241270214176692,0.9758729785823308,,,,,,,,,,,,,,,,
id73,GUNACTIVITYA_W26,"How often, if ever, do you visit websites about guns, hunting or other shooting sports",1.2,2.1,3.5,4.8,0.01998720019313893,0.04916057977836129,0.19935598148727565,0.7314962385412241,,,,,,,,,,,,,,
id74,GUNACTIVITYB_W26,"How often, if ever, do you watch TV programs about guns or watch gun-oriented videos",-0.8,0.5,1.2,1.5,0.04538742318815473,0.16653992065612055,0.3353702161231811,0.4527024400325437,,,,,,,,,,,,,,
id75,GUNACTIVITYC_W26,"How often, if ever, do you listen to gun-oriented podcasts or radio shows",-1.2,-0.5,0.8,2.1,0.026655686139625184,0.053677960133153464,0.19696036024117863,0.7227059934860427,,,,,,,,,,,,,,
id76,GUNACTIVITYD_W26,"How often, if ever, do you participate in online discussion forums about guns",-1.2,0.3,1.5,2.8,0.013340524618128251,0.059788083373641276,0.19850342738681004,0.7283679646214205,,,,,,,,,,,,,,
id77,GUNACTIVITYE_W26,"How often, if ever, do you attend gun shows",-1.2,-0.5,0.3,2.1,0.02889498578996068,0.058187355866854265,0.12949834200244048,0.7834193163407446,,,,,,,,,,,,,,
id78,CAREREL_W27,"How likely is it that, at some point in your life, you will be responsible for caring for an aging parent or family member?",2.1,1.5,0.3,-1.2,0.4013143989818313,0.2202460118933097,0.0663368239790109,0.014801746158174905,1.8,0.29730101898767325,,,,,,,,,,,,
id79,INDUSTRY_W27,"What industry or field do you currently work in? If you have multiple jobs, please choose the one that you consider to be your main or primary occupation.",0.8,2.1,1.5,0.9,0.04468691721513778,0.1639695564236821,0.08998840053049276,0.049386681324624274,1.7,0.10991208061036593,1.9,0.5,1.3,2.3,1.1,0.7,0.13424691841262387,0.03310488249906959,0.07367627093461339,0.20027286847018486,0.060321028786273455,0.04043439479293194
id80,PREDICTA_W27,Do you think the following will or will not happen in the next 20 years? Doctors will rely on computer programs to diagnose most diseases and determine treatments,1.8,2.5,0.7,-1.2,0.29442845443513016,0.5929060972750912,0.09800671869937241,0.014658729590406337,,,,,,,,,,,,,,
id81,PREDICTB_W27,Do you think the following will or will not happen in the next 20 years? Most stores and retail businesses will be fully automated and involve little or no human interaction between customers and employees,1.2,2.8,1.5,-0.5,0.13359027631048262,0.6616769701497229,0.18032801108421687,0.02440474245557752,,,,,,,,,,,,,,
id82,PREDICTC_W27,Do you think the following will or will not happen in the next 20 years? Most deliveries in cities will be made by robots or drones instead of humans,1.2,2.8,0.5,-1.5,0.15344899854271085,0.7600378652730054,0.07620051755781962,0.010312618626463996,,,,,,,,,,,,,,
id83,PREDICTD_W27,"Do you think the following will or will not happen in the next 20 years? When people want to buy most common products, they will create them at home using a 3-D printer",-1.2,0.8,1.5,0.9,0.0318117176547997,0.23505856635465758,0.47334982441082035,0.2597798915797224,,,,,,,,,,,,,,
id84,CARS1_W27,"How much have you seen or heard about the effort to develop driverless vehicles - that is, cars and trucks that can operate on their own without a human driver?",2.1,3.5,1.2,,0.1830908420473247,0.7424699765998746,0.07443918135280059,,,,,,,,,,,,,,,
id85,CARS2_W27,"Has what you've seen or heard about driverless vehicles been mostly positive, mostly negative, or a mix of both?",1.2,-0.8,2.5,,0.20813248761372208,0.028167669161943864,0.7636998432243342,,,,,,,,,,,,,,,
id86,CARS3A_W27,"How enthusiastic are you, if at all, about the development of driverless vehicles?",1.2,2.5,0.8,-1.5,0.18495152200830137,0.6786420033761675,0.12397671274696613,0.012429761868565006,,,,,,,,,,,,,,
id87,CARS3B_W27,"How worried are you, if at all, about the development of driverless vehicles?",1.8,2.5,1.2,-0.5,0.27301345133741,0.5497815768065686,0.14983295890416085,0.027372012951860675,,,,,,,,,,,,,,
id88,CARS4_W27,"How long, if ever, do you think it will take for most of the vehicles on the road to be driverless, rather than driven by humans?",-1.2,2.5,1.0,-0.5,0.016701426045908883,0.6755276625260336,0.15073059552412832,0.033632541918566954,0.8,0.12340777398536228,,,,,,,,,,,,
id89,CARS5_W27,"Would you, personally, want to ride in a driverless vehicle if you had the opportunity?",1.8,2.1,,,0.425557483188341,0.574442516811659,,,,,,,,,,,,,,,,
id90,CARS7A_W27,How safe would you feel sharing the road with a driverless passenger vehicle?,-0.8,1.2,0.5,-0.3,0.07295503017510692,0.5390688106630434,0.2676936491075812,0.12028251005426846,,,,,,,,,,,,,,
id91,CARS7B_W27,How safe would you feel sharing the road with a driverless freight truck?,-0.8,1.2,0.5,-0.3,0.07295503017510692,0.5390688106630434,0.2676936491075812,0.12028251005426846,,,,,,,,,,,,,,
id92,CARS8_W27,"If driverless vehicles become widespread, do you think that the number of people killed or injured in traffic accidents will increase, decrease, or stay about the same?",-0.8,2.1,1.5,,0.03430728534512299,0.623505591093229,0.342187123561648,,,,,,,,,,,,,,,
id93,CARS9A_W27,"Would you strongly favor, favor, oppose, or strongly oppose the following rules and regulations for driverless vehicles? Requiring them to travel in dedicated lanes",1.8,2.2,0.5,-1.2,0.35534789857700644,0.5301167713521034,0.09684359995006,0.017691730120830196,,,,,,,,,,,,,,
id94,CARS9B_W27,"Would you strongly favor, favor, oppose, or strongly oppose the following rules and regulations for driverless vehicles? Restricting them from traveling near certain areas, such as schools",2.1,1.5,-0.8,-1.9,0.6164656134299391,0.33832350190219246,0.0339199231049636,0.011290961562904763,,,,,,,,,,,,,,
id95,CARS9C_W27,"Would you strongly favor, favor, oppose, or strongly oppose the following rules and regulations for driverless vehicles? Requiring them to have a person in the driver's seat who could take control in an emergency situation",2.8,2.1,-0.5,-1.5,0.6463969384543984,0.32099122005221453,0.023841166488662607,0.00877067500472452,,,,,,,,,,,,,,
id96,CARS10A_W27,"If driverless vehicles become widespread, which of the following do you think are likely to happen as a result? Elderly and disabled people will be able to live more independently",2.1,0.8,,,0.7858349830425586,0.2141650169574414,,,,,,,,,,,,,,,,
id97,CARS10B_W27,"If driverless vehicles become widespread, which of the following do you think are likely to happen as a result? Many people who drive for a living would lose their jobs",2.1,0.8,,,0.7858349830425586,0.2141650169574414,,,,,,,,,,,,,,,,
id98,CARS10C_W27,"If driverless vehicles become widespread, which of the following do you think are likely to happen as a result? Owning a car would become much less important to people",1.8,2.1,,,0.425557483188341,0.574442516811659,,,,,,,,,,,,,,,,
id99,CARS10D_W27,"If driverless vehicles become widespread, which of the following do you think are likely to happen as a result? Most people would never learn how to drive a car on their own",1.8,2.2,,,0.401312339887548,0.5986876601124521,,,,,,,,,,,,,,,,
id100,CARS10E_W27,"If driverless vehicles become widespread, which of the following do you think are likely to happen as a result? There would be much less traffic in major cities",1.8,2.1,,,0.425557483188341,0.574442516811659,,,,,,,,,,,,,,,,
id101,WORK2_W27,"On a different subject, would you say that society generally places too much importance on working and having a job, not enough importance on working and having a job, or is it just about right?",1.8,0.5,2.2,,0.3617478438013318,0.09858778849736487,0.5396643677013033,,,,,,,,,,,,,,,
id102,WORK3A_W27,What impact have the following technologies had on you and your job or career? Industrial robots,1.2,0.8,2.5,,0.1872793598541862,0.12553710911898316,0.6871835310268307,,,,,,,,,,,,,,,
id103,WORK3B_W27,What impact have the following technologies had on you and your job or career? Word processing or spreadsheet software,3.2,-1.5,0.8,,0.9092452903520597,0.008269837869163852,0.08248487177877643,,,,,,,,,,,,,,,
id104,WORK3C_W27,What impact have the following technologies had on you and your job or career? Email or social media,3.2,1.5,2.1,,0.6598244595647186,0.12053905752947387,0.21963648290580753,,,,,,,,,,,,,,,
id105,WORK3D_W27,What impact have the following technologies had on you and your job or career? Software that manages your daily work schedule or routine,3.2,-1.5,1.8,,0.7963734801523833,0.007243237478427779,0.1963832823691889,,,,,,,,,,,,,,,
id106,WORK3E_W27,What impact have the following technologies had on you and your job or career? Smartphones,3.2,-1.5,0.8,,0.9092452903520597,0.008269837869163852,0.08248487177877643,,,,,,,,,,,,,,,
id107,WORK3F_W27,What impact have the following technologies had on you and your job or career? Technologies that help customers serve themselves on their own,3.2,-1.5,1.8,,0.7963734801523833,0.007243237478427779,0.1963832823691889,,,,,,,,,,,,,,,
id108,WORK4A_W27,"Thinking about how demanding your work is, has technology generally made your work",2.8,0.9,1.5,,0.7031852261495084,0.10517444333293834,0.1916403305175532,,,,,,,,,,,,,,,
id109,WORK4B_W27,"Thinking about how interesting your work is, has technology generally made your work",3.2,-1.5,1.8,,0.7963734801523833,0.007243237478427779,0.1963832823691889,,,,,,,,,,,,,,,
id110,WORK4C_W27,"Thinking about opportunities for advancement in your career, do you feel that technology has",3.2,-1.5,0.8,,0.9092452903520597,0.008269837869163852,0.08248487177877643,,,,,,,,,,,,,,,
id111,ROBJOB1_W27,"Please consider the following scenario - in the future, robots and computers with advanced capabilities may be able to do most of the jobs that are currently done by humans today. How much have you heard, read, or thought about this idea before today?",1.8,2.2,0.5,,0.3617478438013318,0.5396643677013033,0.09858778849736487,,,,,,,,,,,,,,,
id112,ROBJOB2_W27,"Based on what you know, does the idea of robots and computers being able to do most of the jobs currently done by humans in the future seem",1.8,2.5,0.7,-0.9,0.29292618668870024,0.5898809015333724,0.09750665720661361,0.019686254571313764,,,,,,,,,,,,,,
id113,ROBJOB3A_W27,"How enthusiastic are you, if at all, about the possibility of robots and computers being able to do most of the jobs currently done by humans in the future, for society as a whole?",1.2,2.5,0.8,-1.5,0.18495152200830137,0.6786420033761675,0.12397671274696613,0.012429761868565006,,,,,,,,,,,,,,
id114,ROBJOB3B_W27,"How worried are you, if at all, about the possibility of robots and computers being able to do most of the jobs currently done by humans in the future, for society as a whole?",1.8,2.2,0.5,-1.5,0.3569848074643681,0.5325587524580582,0.097289709664166,0.013166730413407723,,,,,,,,,,,,,,
id115,ROBJOB4A_W27,Do you think the following are likely to happen as a result of robots and computers being able to do most of the jobs currently done by humans in the future? Inequality between rich and poor would be much worse than it is today,1.8,0.9,,,0.7109495026250039,0.289050497374996,,,,,,,,,,,,,,,,
id116,ROBJOB4B_W27,Do you think the following are likely to happen as a result of robots and computers being able to do most of the jobs currently done by humans in the future? People would have a hard time finding things to do with their lives,1.8,2.2,,,0.401312339887548,0.5986876601124521,,,,,,,,,,,,,,,,
id117,ROBJOB4C_W27,Do you think the following are likely to happen as a result of robots and computers being able to do most of the jobs currently done by humans in the future? People would be able to focus less on work and more on the things that really matter to them in life,1.8,2.1,,,0.425557483188341,0.574442516811659,,,,,,,,,,,,,,,,
id118,ROBJOB4D_W27,Do you think the following are likely to happen as a result of robots and computers being able to do most of the jobs currently done by humans in the future? The economy as a whole would be much more efficient,2.1,1.5,,,0.6456563062257954,0.3543436937742045,,,,,,,,,,,,,,,,
id119,ROBJOB4E_W27,"Do you think the following are likely to happen as a result of robots and computers being able to do most of the jobs currently done by humans in the future? The economy would create many new, better-paying jobs for humans",1.8,2.1,,,0.425557483188341,0.574442516811659,,,,,,,,,,,,,,,,
id120,ROBJOB4F_W27,Do you think the following are likely to happen as a result of robots and computers being able to do most of the jobs currently done by humans in the future? Humans would find their jobs more meaningful and fulfilling since machines would mostly be doing things that humans find unappealing,1.2,2.5,,,0.2141650169574414,0.7858349830425586,,,,,,,,,,,,,,,,
id121,ROBJOB5B_W27,Would you favor or oppose the following? If robots and computers were mostly limited to doing jobs that are dangerous or unhealthy for humans to do,3.2,2.8,-1.5,-2.9,0.5946511636175544,0.39860659537126547,0.0054085171119475145,0.0013337238992324836,,,,,,,,,,,,,,
id122,ROBJOB5C_W27,"Would you favor or oppose the following? If people had the option of paying extra to interact with a human, rather than a robot or computer, when buying a product or service",2.1,1.5,-0.8,-1.5,0.6130611781839627,0.336455108224872,0.03373260011525645,0.016751113475908765,,,,,,,,,,,,,,
id123,ROBJOB5D_W27,Would you favor or oppose the following? If the federal government created a national service program that paid people to perform tasks even if a robot or computer could do those tasks faster or cheaper,1.2,2.5,0.8,-0.5,0.1810839608414905,0.6644507740749749,0.12138420896758384,0.03308105611595089,,,,,,,,,,,,,,
id124,ROBJOB6_W27,"Which of the following statements best describes how you feel, even if neither is exactly right?",1.8,2.2,,,0.401312339887548,0.5986876601124521,,,,,,,,,,,,,,,,
id125,ROBJOB7_W27,"Which of the following statements best describes how you feel, even if neither is exactly right?",1.2,2.5,,,0.2141650169574414,0.7858349830425586,,,,,,,,,,,,,,,,
id126,ROBJOB8A_W27,"Do you think it is very likely, somewhat likely, not very likely, or not at all likely that the job of a software engineer will be mostly replaced by robots or computers in your lifetime?",-0.8,1.2,0.9,-0.5,0.06573384944896897,0.48571110117709326,0.3598236337393721,0.08873141563456576,,,,,,,,,,,,,,
id127,ROBJOB8B_W27,"Do you think it is very likely, somewhat likely, not very likely, or not at all likely that the job of a legal clerk will be mostly replaced by robots or computers in your lifetime?",1.2,2.5,1.8,0.5,0.14310244555715027,0.5250853266110158,0.2607496564315428,0.07106257140029112,,,,,,,,,,,,,,
id128,ROBJOB8C_W27,"Do you think it is very likely, somewhat likely, not very likely, or not at all likely that the job of a nurse will be mostly replaced by robots or computers in your lifetime?",-0.8,1.2,2.1,0.5,0.03307698872589894,0.24440772527936394,0.6011460014879167,0.1213692845068203,,,,,,,,,,,,,,
id129,ROBJOB8D_W27,"Do you think it is very likely, somewhat likely, not very likely, or not at all likely that the job of a construction worker will be mostly replaced by robots or computers in your lifetime?",1.2,2.5,1.8,0.5,0.14310244555715027,0.5250853266110158,0.2607496564315428,0.07106257140029112,,,,,,,,,,,,,,
id130,ROBJOB8E_W27,"Do you think it is very likely, somewhat likely, not very likely, or not at all likely that the job of a fast food worker will be mostly replaced by robots or computers in your lifetime?",1.8,2.5,0.7,-1.2,0.29442845443513016,0.5929060972750912,0.09800671869937241,0.014658729590406337,,,,,,,,,,,,,,
id131,ROBJOB8F_W27,"Do you think it is very likely, somewhat likely, not very likely, or not at all likely that the job of a teacher will be mostly replaced by robots or computers in your lifetime?",-0.8,1.2,2.1,0.5,0.03307698872589894,0.24440772527936394,0.6011460014879167,0.1213692845068203,,,,,,,,,,,,,,
id132,ROBJOB8G_W27,"Do you think it is very likely, somewhat likely, not very likely, or not at all likely that the job of a insurance claims processor will be mostly replaced by robots or computers in your lifetime?",1.8,2.5,0.7,-1.2,0.29442845443513016,0.5929060972750912,0.09800671869937241,0.014658729590406337,,,,,,,,,,,,,,
id133,ROBJOB9_W27,"How likely, if at all, do you think it is that your own job or profession will be mostly done by robots or computers in your lifetime?",-0.8,0.5,1.2,0.9,0.05703758154790058,0.20928780790277252,0.4214538898047691,0.31222072074455787,,,,,,,,,,,,,,
id134,WORK5A_W27,"Have you yourself ever lost a job because your employer replaced your position with a machine, robot or computer program?",-1.2,2.8,,,0.017986209962091555,0.9820137900379085,,,,,,,,,,,,,,,,
id135,WORK6_W27,"Have you ever had your pay or hours reduced because your employer replaced some aspect of your job with a machine, robot or computer program?",1.2,3.5,,,0.09112296101485615,0.9088770389851438,,,,,,,,,,,,,,,,
id136,WORK7_W27,"Do you personally know anyone who has lost a job, or had their pay or hours reduced, because their employer replaced their work with a machine, robot or computer program?",1.2,2.5,,,0.2141650169574414,0.7858349830425586,,,,,,,,,,,,,,,,
id137,CAREGIV1_W27,"Please consider the following scenario - in the future, people could be provided with a robot caregiver that would allow them to continue living in their own home as they age. How much have you heard, read, or thought about this idea before today?",1.2,2.8,1.5,,0.13693206816803305,0.6782289735757497,0.18483895825621707,,,,,,,,,,,,,,,
id138,CAREGIV2_W27,Based on what you know does the concept of a robot caregiver for the elderly seem,1.2,2.8,0.5,-1.5,0.15344899854271085,0.7600378652730054,0.07620051755781962,0.010312618626463996,,,,,,,,,,,,,,
id139,CAREGIV3A_W27,"How enthusiastic are you, if at all, about the possibility of a robot caregiver for society as a whole?",1.2,2.5,0.8,-1.5,0.18495152200830137,0.6786420033761675,0.12397671274696613,0.012429761868565006,,,,,,,,,,,,,,
id140,CAREGIV3B_W27,"How worried are you, if at all, about the possibility of a robot caregiver for society as a whole?",1.8,2.5,0.7,-1.2,0.29442845443513016,0.5929060972750912,0.09800671869937241,0.014658729590406337,,,,,,,,,,,,,,
id141,CAREGIV4_W27,"Would you, personally, be interested in this type of robot caregiver for yourself or a member of your family?",1.2,2.1,,,0.289050497374996,0.710949502625004,,,,,,,,,,,,,,,,
id142,CAREGIV6A_W27,"If robot caregivers such as these were developed, do you think the following are likely or not likely to happen as a result? Young people would feel less worried about caring for their aging relatives",1.8,0.9,,,0.7109495026250039,0.289050497374996,,,,,,,,,,,,,,,,
id143,CAREGIV6B_W27,"If robot caregivers such as these were developed, do you think the following are likely or not likely to happen as a result? Society would save money on caring for older adults",1.8,0.9,,,0.7109495026250039,0.289050497374996,,,,,,,,,,,,,,,,
id144,CAREGIV6C_W27,"If robot caregivers such as these were developed, do you think the following are likely or not likely to happen as a result? Many older adults would treat their robot caregiver like a human friend",1.8,2.1,,,0.425557483188341,0.574442516811659,,,,,,,,,,,,,,,,
id145,CAREGIV6D_W27,"If robot caregivers such as these were developed, do you think the following are likely or not likely to happen as a result? Older adults would feel more isolated than they do today",1.8,0.9,,,0.7109495026250039,0.289050497374996,,,,,,,,,,,,,,,,
id146,CAREGIV6E_W27,"If robot caregivers such as these were developed, do you think the following are likely or not likely to happen as a result? Older adults would feel more independent and self-sufficient",1.8,0.9,,,0.7109495026250039,0.289050497374996,,,,,,,,,,,,,,,,
id147,CAREGIV6F_W27,"If robot caregivers such as these were developed, do you think the following are likely or not likely to happen as a result? These robots would only be used by people who could not afford a human caregiver for their loved one",1.8,2.1,,,0.425557483188341,0.574442516811659,,,,,,,,,,,,,,,,
id148,CAREGIV7_W27,"Would you feel better, worse, or would it not make a difference if the robot caregiver in this scenario had a camera so that a human operator could monitor the situation at all times?",1.8,-0.5,2.1,,0.40814366586433115,0.0409200120123442,0.5509363221233247,,,,,,,,,,,,,,,
id149,HIRING1_W27,"Please consider the following scenario - computer programs being used to screen and rank job applicants. How much have you heard, read, or thought about this idea before today?",1.8,2.5,0.7,,0.29880860903424866,0.6017266454582053,0.09946474550754611,,,,,,,,,,,,,,,
id150,HIRING2_W27,"Based on what you know, does the concept of using computer programs to make hiring decisions seem",1.2,2.8,0.5,-1.1,0.15267463272342155,0.7562024062617223,0.07581597887220216,0.01530698214265398,,,,,,,,,,,,,,
id151,HIRING3A_W27,"How enthusiastic are you, if at all, about the possibility of using computer programs to make hiring decisions for society as a whole?",-1.2,0.8,1.5,0.9,0.0318117176547997,0.23505856635465758,0.47334982441082035,0.2597798915797224,,,,,,,,,,,,,,
id152,HIRING3B_W27,"How worried are you, if at all, about the possibility of using computer programs to make hiring decisions for society as a whole?",2.1,1.9,0.5,-1.2,0.48602426568573465,0.3979230130590546,0.0981266069028591,0.0179261143523517,,,,,,,,,,,,,,
id153,HIRING4_W27,"Would you, personally, want to apply for a job that used this type of computer program to make hiring decisions?",-1.2,2.5,,,0.0241270214176692,0.9758729785823308,,,,,,,,,,,,,,,,
id154,HIRING6A_W27,"Do you think computer programs for hiring would do a better job, a worse job, or do about the same as humans when it comes to hiring candidates who are well-qualified",1.2,-0.8,2.5,,0.20813248761372208,0.028167669161943864,0.7636998432243342,,,,,,,,,,,,,,,
id155,HIRING6B_W27,"Do you think computer programs for hiring would do a better job, a worse job, or do about the same as humans when it comes to hiring candidates who fit well with the company's culture",1.2,2.5,3.8,,0.0551479670336406,0.20235425166251336,0.742497781303846,,,,,,,,,,,,,,,
id156,HIRING6C_W27,"Do you think computer programs for hiring would do a better job, a worse job, or do about the same as humans when it comes to choosing candidates from a diverse range of backgrounds",1.2,-0.8,2.5,,0.20813248761372208,0.028167669161943864,0.7636998432243342,,,,,,,,,,,,,,,
id157,HIRING6D_W27,"Do you think computer programs for hiring would do a better job, a worse job, or do about the same as humans when it comes to providing opportunities for candidates with non-traditional experiences",1.2,2.8,3.1,,0.07912064137634534,0.3918871021759761,0.5289922564476786,,,,,,,,,,,,,,,
id158,HIRING7A_W27,Would you feel better or worse about computer programs making hiring decisions if these computer programs included public data about each candidate - such as the material they post on social media - in making their evaluations,1.2,2.5,0.8,,0.1872793598541862,0.6871835310268307,0.12553710911898316,,,,,,,,,,,,,,,
id159,HIRING7B_W27,"Would you feel better or worse about computer programs making hiring decisions if companies used these computer programs to conduct initial screenings of potential candidates, but then interviewed those candidates in the traditional way",2.1,-0.8,1.5,,0.623505591093229,0.03430728534512299,0.342187123561648,,,,,,,,,,,,,,,
id160,VOICE1_W27,"Do you ever use a voice-controlled digital assistant, such as Apple Siri, Amazon Alexa, Google Assistant, or Microsoft Cortana?",2.1,1.5,,,0.6456563062257954,0.3543436937742045,,,,,,,,,,,,,,,,
id161,VOICE3_W27,"Do you ever use a digital assistant to control other devices in your home, such as a stereo, tv, thermostat, or lighting?",1.2,0.8,,,0.598687660112452,0.401312339887548,,,,,,,,,,,,,,,,
id162,VOICE4_W27,"When you use digital assistants, how often do they accurately respond to your commands?",2.1,1.5,0.3,,0.5833929526797967,0.3201728408459242,0.09643420647427904,,,,,,,,,,,,,,,
id163,VOICE5A_W27,"Which of the following, if any, are reasons why you use a voice-controlled digital assistant? It lets me use my phone or device while doing other things with my hands",2.1,1.5,-0.8,,0.623505591093229,0.342187123561648,0.03430728534512299,,,,,,,,,,,,,,,
id164,VOICE5B_W27,"Which of the following, if any, are reasons why you use a voice-controlled digital assistant? Spoken language feels more natural than typing",1.8,2.1,0.5,,0.3813314461115678,0.5147436111393937,0.1039249427490385,,,,,,,,,,,,,,,
id165,VOICE5C_W27,"Which of the following, if any, are reasons why you use a voice-controlled digital assistant? It's easier for children to use",1.2,2.1,0.5,,0.2527685476812795,0.621710306279499,0.12552114603922157,,,,,,,,,,,,,,,
id166,VOICE5D_W27,"Which of the following, if any, are reasons why you use a voice-controlled digital assistant? It's fun",1.2,2.5,0.8,,0.1872793598541862,0.6871835310268307,0.12553710911898316,,,,,,,,,,,,,,,
id167,DRONE1_W27,Do you personally own a flying drone?,0.8,2.5,,,0.1544652650835347,0.8455347349164652,,,,,,,,,,,,,,,,
id168,DRONE2_W27,Have you ever seen someone operating a drone?,2.1,1.5,,,0.6456563062257954,0.3543436937742045,,,,,,,,,,,,,,,,
id169,DRONE4A_W27,Do you think that private citizens should or should not be allowed to pilot drones in the following areas? Near people's homes,1.2,2.8,3.5,,0.0627856161660331,0.310979192655988,0.6262351911779789,,,,,,,,,,,,,,,
id170,DRONE4B_W27,Do you think that private citizens should or should not be allowed to pilot drones in the following areas? Near crime scenes or traffic accidents,-1.2,2.8,1.5,,0.014188848686364598,0.7746848893757159,0.21112626193791958,,,,,,,,,,,,,,,
id171,DRONE4C_W27,Do you think that private citizens should or should not be allowed to pilot drones in the following areas? On beaches,1.8,0.9,2.3,,0.32730107304568523,0.13307068590091722,0.5396282410533976,,,,,,,,,,,,,,,
id172,DRONE4D_W27,Do you think that private citizens should or should not be allowed to pilot drones in the following areas? In public parks,1.2,2.5,3.1,,0.08806544868525223,0.3231382573931896,0.5887962939215582,,,,,,,,,,,,,,,
id173,DRONE4E_W27,"Do you think that private citizens should or should not be allowed to pilot drones in the following areas? At events, like concerts or rallies",1.2,2.5,3.1,,0.08806544868525223,0.3231382573931896,0.5887962939215582,,,,,,,,,,,,,,,
id174,PERSDISCR_W29,"Have you ever personally experienced discrimination or been treated unfairly because of your gender, or not?",1.2,2.1,,,0.289050497374996,0.710949502625004,,,,,,,,,,,,,,,,
id175,NOWSMK_NHIS_W29,Do you now smoke cigarettes,1.2,0.8,3.5,,0.08587743443113807,0.05756536580130305,0.8565571997675588,,,,,,,,,,,,,,,
id176,BLOODPR_W29,"Have you ever been told by a doctor or other health professional that you had hypertension, also called high blood pressure?",1.2,2.5,,,0.2141650169574414,0.7858349830425586,,,,,,,,,,,,,,,,
id177,DIFF1A_W29,Do you think men and women are basically similar or basically different when it comes to their hobbies and personal interests?,1.2,2.5,,,0.2141650169574414,0.7858349830425586,,,,,,,,,,,,,,,,
id178,DIFF1B_W29,Do you think men and women are basically similar or basically different when it comes to their physical abilities?,-0.8,2.1,,,0.052153563078417724,0.9478464369215823,,,,,,,,,,,,,,,,
id179,DIFF1C_W29,Do you think men and women are basically similar or basically different when it comes to their approach to parenting?,1.2,2.5,,,0.2141650169574414,0.7858349830425586,,,,,,,,,,,,,,,,
id180,DIFF1D_W29,Do you think men and women are basically similar or basically different when it comes to how they express their feelings?,1.2,2.5,,,0.2141650169574414,0.7858349830425586,,,,,,,,,,,,,,,,
id181,DIFF1E_W29,Do you think men and women are basically similar or basically different when it comes to the things they are good at in the workplace?,1.2,2.5,,,0.2141650169574414,0.7858349830425586,,,,,,,,,,,,,,,,
id182,MASC2_W29,"Now thinking about how you see yourself, would you describe yourself as",2.1,1.9,0.3,-1.5,0.49717768047338257,0.40705465674753666,0.08218291783083734,0.01358474494824341,,,,,,,,,,,,,,
id183,FEM2_W29,"Now thinking about how you see yourself, would you describe yourself as",2.1,1.8,0.3,-1.5,0.5172126210355525,0.3831605336296857,0.0854946712313496,0.014132174103412148,,,,,,,,,,,,,,
id184,MASC1F1_W29,"Thinking about how society sees men these days, in general, would you say",2.1,-1.8,0.9,,0.7567524319365665,0.015318115713657087,0.22792945234977646,,,,,,,,,,,,,,,
id185,MASC2AF1_W29,Do you think it's a good thing or a bad thing that most people in our society look up to men who are manly or masculine?,2.1,0.8,,,0.7858349830425586,0.2141650169574414,,,,,,,,,,,,,,,,
id186,MASC2BF1_W29,Do you think it's a good thing or a bad thing that most people in our society look down on men who are manly or masculine?,-1.8,2.3,,,0.01630249937144095,0.9836975006285591,,,,,,,,,,,,,,,,
id187,FEM1F2_W29,"Thinking about how society sees women these days, in general, would you say",2.1,-1.8,1.5,,0.6373268787212087,0.012900714241105617,0.3497724070376857,,,,,,,,,,,,,,,
id188,FEM2AF2_W29,Do you think it's a good thing or a bad thing that most people in our society look up to women who are womanly or feminine?,2.1,0.8,,,0.7858349830425586,0.2141650169574414,,,,,,,,,,,,,,,,
id189,FEM2BF2_W29,Do you think it's a good thing or a bad thing that most people in our society look down on women who are womanly or feminine?,-1.8,2.3,,,0.01630249937144095,0.9836975006285591,,,,,,,,,,,,,,,,
id190,GOODJOBS_W29,"In general, thinking about job opportunities where you live, would you say that",1.2,2.5,,,0.2141650169574414,0.7858349830425586,,,,,,,,,,,,,,,,
id191,HELPHURTA_W29,"Thinking about your work life, has the growing number of immigrants working in this country done more to help or hurt your job or career, or hasn't it made much of a difference for your job or career?",0.8,1.2,2.5,,0.12553710911898316,0.1872793598541862,0.6871835310268307,,,,,,,,,,,,,,,
id192,HELPHURTB_W29,"Thinking about your work life, has more women in the workforce done more to help or hurt your job or career, or hasn't it made much of a difference for your job or career?",1.2,-0.8,2.5,,0.20813248761372208,0.028167669161943864,0.7636998432243342,,,,,,,,,,,,,,,
id193,HELPHURTC_W29,"Thinking about your work life, has a growing emphasis on diversity in the workplace done more to help or hurt your job or career, or hasn't it made much of a difference for your job or career?",1.2,-0.8,2.5,,0.20813248761372208,0.028167669161943864,0.7636998432243342,,,,,,,,,,,,,,,
id194,HELPHURTD_W29,"Thinking about your work life, has increased outsourcing of jobs to other countries done more to help or hurt your job or career, or hasn't it made much of a difference for your job or career?",-1.2,0.8,1.5,,0.042976024689048084,0.31755225733640496,0.639471717974547,,,,,,,,,,,,,,,
id195,HELPHURTE_W29,"Thinking about your work life, has automation of jobs through new technology in the workplace done more to help or hurt your job or career, or hasn't it made much of a difference for your job or career?",1.8,0.5,2.2,,0.3617478438013318,0.09858778849736487,0.5396643677013033,,,,,,,,,,,,,,,
id196,HELPHURTF_W29,"Thinking about your work life, has more foreign-made products being sold in the U.S. done more to help or hurt your job or career, or hasn't it made much of a difference for your job or career?",1.2,2.5,3.8,,0.0551479670336406,0.20235425166251336,0.742497781303846,,,,,,,,,,,,,,,
id197,HELPHURTG_W29,"Thinking about your work life, has more U.S.-made products being sold in other countries done more to help or hurt your job or career, or hasn't it made much of a difference for your job or career?",1.2,-0.8,2.5,,0.20813248761372208,0.028167669161943864,0.7636998432243342,,,,,,,,,,,,,,,
id198,TRANSGEND1_W29,"Which statement comes closer to your views, even if neither is exactly right?",2.1,1.5,,,0.6456563062257954,0.3543436937742045,,,,,,,,,,,,,,,,
id199,SEENMASC_W29,"On a different topic how important is it to you, personally, to be seen by others as manly or masculine?",1.2,2.5,1.8,0.5,0.14310244555715027,0.5250853266110158,0.2607496564315428,0.07106257140029112,,,,,,,,,,,,,,
id200,SEENFEM_W29,"On a different topic how important is it to you, personally, to be seen by others as womanly or feminine?",1.2,2.1,1.8,0.5,0.17306106489897924,0.4256615336456642,0.3153378199680321,0.08593958148732445,,,,,,,,,,,,,,
id201,MAN1A_W29,"In general, how much pressure, if any, do you think men face in our country these days to be interested in sports?",2.1,3.5,1.8,-0.9,0.17106283159051727,0.6936939889942217,0.12672646252366337,0.008516716891597475,,,,,,,,,,,,,,
id202,MAN1B_W29,"In general, how much pressure, if any, do you think men face in our country these days to have many sexual partners?",1.8,2.5,1.2,-0.5,0.27301345133741,0.5497815768065686,0.14983295890416085,0.027372012951860675,,,,,,,,,,,,,,
id203,MAN1C_W29,"In general, how much pressure, if any, do you think men face in our country these days to join in when other men are talking about women in a sexual way?",1.8,2.5,1.2,-0.5,0.27301345133741,0.5497815768065686,0.14983295890416085,0.027372012951860675,,,,,,,,,,,,,,
id204,MAN1D_W29,"In general, how much pressure, if any, do you think men face in our country these days to be willing to throw a punch if provoked?",1.8,2.5,1.2,-0.5,0.27301345133741,0.5497815768065686,0.14983295890416085,0.027372012951860675,,,,,,,,,,,,,,
id205,MAN1E_W29,"In general, how much pressure, if any, do you think men face in our country these days to be emotionally strong?",2.1,1.8,0.5,-1.2,0.5051530903977393,0.3742266136003242,0.10198865000554296,0.018631645996393546,,,,,,,,,,,,,,
id206,MESUM1_FA_W29,"How well, if at all, do the following words or phrases describe you? Honor and duty are my core values",1.8,2.1,,,0.425557483188341,0.574442516811659,,,,,,,,,,,,,,,,
id207,MESUM1_FB_W29,"How well, if at all, do the following words or phrases describe you? Compassion and helping others are my core values",2.1,1.2,,,0.710949502625004,0.289050497374996,,,,,,,,,,,,,,,,
id208,MESUM1_FC_W29,"How well, if at all, do the following words or phrases describe you? Willing to work with people I disagree with",2.1,1.5,,,0.6456563062257954,0.3543436937742045,,,,,,,,,,,,,,,,
id209,MESUM1_FD_W29,"How well, if at all, do the following words or phrases describe you? Blue collar",1.2,2.8,,,0.16798161486607555,0.8320183851339245,,,,,,,,,,,,,,,,
id210,MESUM1_FE_W29,"How well, if at all, do the following words or phrases describe you? Focused on my professional life and career",2.1,1.5,,,0.6456563062257954,0.3543436937742045,,,,,,,,,,,,,,,,
id211,MESUM1_FF_W29,"How well, if at all, do the following words or phrases describe you? Interested in visiting other countries",2.1,0.8,,,0.7858349830425586,0.2141650169574414,,,,,,,,,,,,,,,,
id212,MESUM2_FA_W29,"How well, if at all, do the following words or phrases describe you? Environmentalist",1.2,2.1,,,0.289050497374996,0.710949502625004,,,,,,,,,,,,,,,,
id213,MESUM2_FB_W29,"How well, if at all, do the following words or phrases describe you? Have traditional values",1.8,2.1,,,0.425557483188341,0.574442516811659,,,,,,,,,,,,,,,,
id214,MESUM2_FC_W29,"How well, if at all, do the following words or phrases describe you? Supporter of the National Rifle Association NRA",1.2,2.8,,,0.16798161486607555,0.8320183851339245,,,,,,,,,,,,,,,,
id215,MESUM2_FD_W29,"How well, if at all, do the following words or phrases describe you? Supporter of the Black Lives Matter movement",1.2,2.1,,,0.289050497374996,0.710949502625004,,,,,,,,,,,,,,,,
id216,MESUM2_FE_W29,"How well, if at all, do the following words or phrases describe you? Supporter of rights for lesbian, gay, bisexual and transgender LGBT people",1.8,2.1,,,0.425557483188341,0.574442516811659,,,,,,,,,,,,,,,,
id217,MESUM2_FF_W29,"How well, if at all, do the following words or phrases describe you? Consider myself a feminist",1.2,2.5,,,0.2141650169574414,0.7858349830425586,,,,,,,,,,,,,,,,
id218,TRANSGEND2_W29,"Thinking about the people you know, including yourself, do you personally know anyone who is transgender, or not?",1.2,0.8,,,0.598687660112452,0.401312339887548,,,,,,,,,,,,,,,,
id219,TRANSGEND3_W29,Which of the following statements comes closer to your feelings?,1.8,0.7,1.2,,0.531439221650759,0.17690074963055205,0.29166002871868896,,,,,,,,,,,,,,,
id220,TRAITSA_W29,"How well, if at all, do the following words or phrases describe you? Intelligent",2.1,1.5,-0.4,-1.8,0.6056426956559213,0.33238375869132264,0.049714179839490655,0.012259365813265413,,,,,,,,,,,,,,
id221,TRAITSB_W29,"How well, if at all, do the following words or phrases describe you? Physically attractive",1.2,2.5,0.8,-1.5,0.18495152200830137,0.6786420033761675,0.12397671274696613,0.012429761868565006,,,,,,,,,,,,,,
id222,TRAITSC_W29,"How well, if at all, do the following words or phrases describe you? Nurturing",1.8,2.1,0.5,-1.2,0.3742266136003242,0.5051530903977393,0.10198865000554296,0.018631645996393546,,,,,,,,,,,,,,
id223,TRAITSD_W29,"How well, if at all, do the following words or phrases describe you? Assertive",1.8,2.5,0.7,-1.2,0.29442845443513016,0.5929060972750912,0.09800671869937241,0.014658729590406337,,,,,,,,,,,,,,
id224,TRAITSE_W29,"How well, if at all, do the following words or phrases describe you? Physically strong",1.8,2.1,0.5,-1.2,0.3742266136003242,0.5051530903977393,0.10198865000554296,0.018631645996393546,,,,,,,,,,,,,,
id225,TRAITSF_W29,"How well, if at all, do the following words or phrases describe you? Sensitive",1.2,2.8,0.5,-1.1,0.15267463272342155,0.7562024062617223,0.07581597887220216,0.01530698214265398,,,,,,,,,,,,,,
id226,BOYSF1A_W29,"When it comes to raising boys, would you say there is too much emphasis or too little emphasis on encouraging boys to be leaders these days, or is it about right?",-0.8,1.2,0.5,,0.08293006676451029,0.6127749156110307,0.30429501762445904,,,,,,,,,,,,,,,
id227,BOYSF1B_W29,"When it comes to raising boys, would you say there is too much emphasis or too little emphasis on encouraging boys to talk about their feelings when they are sad or upset these days, or is it about right?",-0.8,1.5,0.9,,0.06079718541437959,0.6064022200622222,0.33280059452339805,,,,,,,,,,,,,,,
id228,BOYSF1C_W29,"When it comes to raising boys, would you say there is too much emphasis or too little emphasis on encouraging boys to stand up for themselves these days, or is it about right?",1.2,2.8,3.5,,0.0627856161660331,0.310979192655988,0.6262351911779789,,,,,,,,,,,,,,,
id229,BOYSF1D_W29,"When it comes to raising boys, would you say there is too much emphasis or too little emphasis on encouraging boys to do well in school these days, or is it about right?",-1.2,2.8,1.5,,0.014188848686364598,0.7746848893757159,0.21112626193791958,,,,,,,,,,,,,,,
id230,GIRLSF2A_W29,"When it comes to raising girls, would you say there is too much emphasis or too little emphasis on encouraging girls to be leaders these days, or is it about right?",-1.2,2.8,1.5,,0.014188848686364598,0.7746848893757159,0.21112626193791958,,,,,,,,,,,,,,,
id231,GIRLSF2B_W29,"When it comes to raising girls, would you say there is too much emphasis or too little emphasis on encouraging girls to talk about their feelings when they are sad or upset these days, or is it about right?",-1.2,2.8,1.5,,0.014188848686364598,0.7746848893757159,0.21112626193791958,,,,,,,,,,,,,,,
id232,GIRLSF2C_W29,"When it comes to raising girls, would you say there is too much emphasis or too little emphasis on encouraging girls to stand up for themselves these days, or is it about right?",-0.8,1.2,0.5,,0.08293006676451029,0.6127749156110307,0.30429501762445904,,,,,,,,,,,,,,,
id233,GIRLSF2D_W29,"When it comes to raising girls, would you say there is too much emphasis or too little emphasis on encouraging girls to do well in school these days, or is it about right?",-1.2,0.8,1.5,,0.042976024689048084,0.31755225733640496,0.639471717974547,,,,,,,,,,,,,,,
id234,SPOUSESEX_W29,Thinking about your spouse or partner is your spouse or partner of the opposite sex as you or the same sex as you?,3.2,0.8,,,0.9168273035060777,0.08317269649392234,,,,,,,,,,,,,,,,
id235,HOOD_NHISA_W29,How much do you agree or disagree with the following statements about your neighborhood? There are people I can count on in this neighborhood,2.1,1.5,-0.4,-1.8,0.6056426956559213,0.33238375869132264,0.049714179839490655,0.012259365813265413,,,,,,,,,,,,,,
id236,HOOD_NHISB_W29,How much do you agree or disagree with the following statements about your neighborhood? People in this neighborhood can be trusted,1.8,2.2,0.5,-1.2,0.35534789857700644,0.5301167713521034,0.09684359995006,0.017691730120830196,,,,,,,,,,,,,,
id237,HOOD_NHISC_W29,How much do you agree or disagree with the following statements about your neighborhood? This is a close-knit neighborhood,1.8,2.2,0.5,-1.2,0.35534789857700644,0.5301167713521034,0.09684359995006,0.017691730120830196,,,,,,,,,,,,,,
id238,LOCALELECT_W29,"The next question is about local elections, such as for mayor or a school board. Do you",1.2,2.5,0.8,-1.5,0.18495152200830137,0.6786420033761675,0.12397671274696613,0.012429761868565006,,,,,,,,,,,,,,
id239,PARTICIPATEA_W29,"Have you participated in any of these groups during the last 12 months, that is since September 2016? A school group, neighborhood, or community association such as PTA or neighborhood watch group",1.2,2.1,,,0.289050497374996,0.710949502625004,,,,,,,,,,,,,,,,
id240,PARTICIPATEB_W29,"Have you participated in any of these groups during the last 12 months, that is since September 2016? A service or civic organization such as American Legion or Lions Club",-0.8,2.1,,,0.052153563078417724,0.9478464369215823,,,,,,,,,,,,,,,,
id241,PARTICIPATEC_W29,"Have you participated in any of these groups during the last 12 months, that is since September 2016? A sports or recreation organization such as a soccer club or tennis club",1.2,2.5,,,0.2141650169574414,0.7858349830425586,,,,,,,,,,,,,,,,
id242,S7_W29,"In the last 12 months, that is since September 2016, have you served on a committee or as an officer of any group or organization?",1.2,2.5,,,0.2141650169574414,0.7858349830425586,,,,,,,,,,,,,,,,
id243,S12_W29,"In the last 12 months, how often did you eat dinner with any of the other members of your household?",3.2,2.1,0.5,-1.8,0.70830455477618,0.2357741047366328,0.047601970779633344,0.00477251854929273,-2.5,0.0023699625736506667,-3.2,,,,,,0.001176888584610587,,,,,
id244,S13_W29,"This next question is about friends and family you do not live with. During the last twelve months, how often did you see or hear from friends or family, whether in-person or not?",2.1,2.5,1.3,-0.2,0.32533784966127643,0.4853470392021948,0.1461837189764257,0.03261799662630292,-1.5,0.00888944110574371,-3.2,,,,,,0.001623954428056499,,,,,
id245,TALK_CPS_W29,"In the last 12 months, how often did you talk with any of your neighbors?",1.2,2.1,1.8,0.5,0.1647814871328093,0.4052970584129267,0.3002514456609986,0.08182806484704634,-0.3,0.03676771961344018,-1.5,,,,,,0.011074224332778928,,,,,
id246,FAVORS_CPS_W29,"In the last 12 months, how often did you and your neighbors do favors for each other?",-1.2,0.8,1.5,0.3,0.032989101692512166,0.2437583230593005,0.49086898302912946,0.14784689649560276,-0.5,0.06643189285031527,-1.8,,,,,,0.018104802873139824,,,,,
id247,WORRYRET_W29,How worried are you right now about not having enough money for retirement?,2.1,1.5,0.3,-1.2,0.571104284801562,0.31342867692225407,0.09440290333628251,0.02106413493990146,,,,,,,,,,,,,,
id248,WORRYBILL_W29,How worried are you right now about not having enough to pay your normal monthly bills?,2.1,1.5,0.3,-1.2,0.571104284801562,0.31342867692225407,0.09440290333628251,0.02106413493990146,,,,,,,,,,,,,,
id249,GOPDIRCT_W29,"Thinking about the future of the Republican Party, would you say that you are",1.2,2.8,1.5,0.9,0.1243207510025362,0.6157647107407133,0.16781546070523673,0.09209907755151375,,,,,,,,,,,,,,
id250,DEMDIRCT_W29,"Thinking about the future of the Democratic Party, would you say that you are",1.2,2.8,1.5,0.7,0.12643149065691334,0.6262192726882997,0.17066466121819762,0.07668457543658931,,,,,,,,,,,,,,
